date,total_views,unique_views,total_clones,unique_clones
2026-09-02,0,0,2,2
2026-09-03,3,1,0,0
2026-09-04,0,0,0,0
2026-09-05,0,0,0,0
2026-09-06,1,1,0,0
2026-09-07,0,0,1,1
2026-09-08,4,2,2,2
2026-09-09,23,2,30,11
2026-09-10,8,1,0,0
2026-09-11,23,2,46,18
2026-09-12,11,2,4,2
2026-09-13,10,1,5,3
2026-09-14,6,1,25,10
2026-09-15,70,1,34,12
2026-09-16,91,1,79,25
2026-09-17,73,1,107,49
2026-09-18,104,1,107,38
2026-09-19,82,2,71,31
2026-09-20,61,2,77,34
2026-09-21,120,56,32,13
2026-09-22,105,37,89,36
2026-09-23,147,6,84,35
2026-09-24,123,6,42,17
2026-09-25,107,29,88,44
2026-09-26,125,3,32,15
2026-09-27,105,6,33,10
2026-09-28,30,4,8,4
2026-09-29,91,5,9,5
2026-09-30,25,5,28,10
2026-10-01,21,2,22,7
2026-10-02,23,1,63,28
2026-10-03,11,4,54,24
2026-10-04,17,2,75,38
